{
  "get_git": {
    "completed": false,
    "current_challenge": false,
    "next_challenge": "repository",
    "previous_challenge": "merge_tada"
  },
  "repository": {
    "completed": false,
    "current_challenge": false,
    "next_challenge": "commit_to_it",
    "previous_challenge": "get_git"
  },
  "commit_to_it": {
    "completed": false,
    "current_challenge": false,
    "next_challenge": "githubbin",
    "previous_challenge": "repository"
  },
  "githubbin": {
    "completed": false,
    "current_challenge": false,
    "next_challenge": "remote_control",
    "previous_challenge": "commit_to_it"
  },
  "remote_control": {
    "completed": false,
    "current_challenge": false,
    "next_challenge": "forks_and_clones",
    "previous_challenge": "githubbin"
  },
  "forks_and_clones": {
    "completed": false,
    "current_challenge": false,
    "next_challenge": "branches_arent_just_for_birds",
    "previous_challenge": "remote_control"
  },
  "branches_arent_just_for_birds": {
    "completed": false,
    "current_challenge": false,
    "next_challenge": "its_a_small_world",
    "previous_challenge": "forks_and_clones"
  },
  "its_a_small_world": {
    "completed": false,
    "current_challenge": false,
    "next_challenge": "pull_never_out_of_date",
    "previous_challenge": "branches_arent_just_for_birds"
  },
  "pull_never_out_of_date": {
    "completed": false,
    "current_challenge": false,
    "next_challenge": "requesting_you_pull_please",
    "previous_challenge": "its_a_small_world"
  },
  "requesting_you_pull_please": {
    "completed": false,
    "current_challenge": false,
    "next_challenge": "merge_tada",
    "previous_challenge": "pull_never_out_of_date"
  },
  "merge_tada": {
    "completed": false,
    "current_challenge": false,
    "next_challenge": "get_git",
    "previous_challenge": "requesting_you_pull_please"
  }
}
